"Issuer Code";"Accounting Date";"Original Bond ISIN Code";"Original Bond Maturity Date";"Stripped Bond Quantity";"Principal ISIN Code";"Principal Stripped Quantity";"Coupon Stripped Movement";"Coupon Stripped Movement";"Coupon Stripped Movement";"Coupon Stripped Movement";"Coupon Stripped Movement";"Coupon Stripped Movement";"Coupon Stripped Movement"; 
;;;;;;;20261215;20270615;20271215;20280615;20281215;20290615;20291215; 
;;;;;;;IT0005498701;IT0005498719;IT0005498727;IT0005498735;IT0005498743;IT0005498750;IT0005526162; 
MEF;20241031;IT0005519787;20291215;79000000;;0;-1520750;-1520750;-1520750;-1520750;-1520750;-1520750;-80520750; 
MEF;20241105;IT0005519787;20291215;54000000;;0;-1039500;-1039500;-1039500;-1039500;-1039500;-1039500;-55039500; 
MEF;20241217;IT0005519787;20291215;-474000;;0;9124.5;9124.5;9124.5;9124.5;9124.5;9124.5;483124.5; 
MEF;20241224;IT0005519787;20291215;444000;;0;-8547;-8547;-8547;-8547;-8547;-8547;-452547; 
MEF;20250113;IT0005519787;20291215;-444000;;0;8547;8547;8547;8547;8547;8547;452547; 
MEF;20250114;IT0005519787;20291215;-444000;;0;8547;8547;8547;8547;8547;8547;452547; 
MEF;20250124;IT0005519787;20291215;-380000;;0;7315;7315;7315;7315;7315;7315;387315; 
MEF;20250203;IT0005519787;20291215;-317000;;0;6102.25;6102.25;6102.25;6102.25;6102.25;6102.25;323102.25; 
MEF;20250212;IT0005519787;20291215;-381000;;0;7334.25;7334.25;7334.25;7334.25;7334.25;7334.25;388334.25; 
MEF;20250219;IT0005519787;20291215;-315000;;0;6063.75;6063.75;6063.75;6063.75;6063.75;6063.75;321063.75; 
MEF;20250220;IT0005519787;20291215;-66000;;0;1270.5;1270.5;1270.5;1270.5;1270.5;1270.5;67270.5; 
MEF;20250228;IT0005519787;20291215;-349000;;0;6718.25;6718.25;6718.25;6718.25;6718.25;6718.25;355718.25; 
MEF;20250318;IT0005519787;20291215;-349000;;0;6718.25;6718.25;6718.25;6718.25;6718.25;6718.25;355718.25; 
MEF;20250409;IT0005519787;20291215;-349000;;0;6718.25;6718.25;6718.25;6718.25;6718.25;6718.25;355718.25; 
MEF;20250430;IT0005519787;20291215;-349000;;0;6718.25;6718.25;6718.25;6718.25;6718.25;6718.25;355718.25; 
MEF;20250521;IT0005519787;20291215;-349000;;0;6718.25;6718.25;6718.25;6718.25;6718.25;6718.25;355718.25; 
MEF;20250606;IT0005519787;20291215;-413000;;0;7950.25;7950.25;7950.25;7950.25;7950.25;7950.25;420950.25; 
MEF;20250619;IT0005519787;20291215;-349000;;0;6718.25;6718.25;6718.25;6718.25;6718.25;6718.25;355718.25; 
MEF;20250701;IT0005519787;20291215;-380000;;0;7315;7315;7315;7315;7315;7315;387315; 
MEF;20250709;IT0005519787;20291215;-349000;;0;6718.25;6718.25;6718.25;6718.25;6718.25;6718.25;355718.25; 
MEF;20250724;IT0005519787;20291215;-349000;;0;6718.25;6718.25;6718.25;6718.25;6718.25;6718.25;355718.25; 
MEF;20250725;IT0005519787;20291215;-603000;;0;11607.75;11607.75;11607.75;11607.75;11607.75;11607.75;614607.75; 
MEF;20250801;IT0005519787;20291215;-349000;;0;6718.25;6718.25;6718.25;6718.25;6718.25;6718.25;355718.25; 
MEF;20250819;IT0005519787;20291215;-381000;;0;7334.25;7334.25;7334.25;7334.25;7334.25;7334.25;388334.25; 
MEF;20250822;IT0005519787;20291215;-440000;;0;8470;8470;8470;8470;8470;8470;448470; 
MEF;20250905;IT0005519787;20291215;-412000;;0;7931;7931;7931;7931;7931;7931;419931; 
MEF;20250919;IT0005519787;20291215;440000;;0;-8470;-8470;-8470;-8470;-8470;-8470;-448470; 
MEF;20250923;IT0005519787;20291215;-444000;;0;8547;8547;8547;8547;8547;8547;452547; 
MEF;20251001;IT0005519787;20291215;-349000;;0;6718.25;6718.25;6718.25;6718.25;6718.25;6718.25;355718.25; 
MEF;20251001;IT0005519787;20291215;-444000;;0;8547;8547;8547;8547;8547;8547;452547; 
MEF;20251002;IT0005519787;20291215;-412000;;0;7931;7931;7931;7931;7931;7931;419931; 
MEF;20251002;IT0005519787;20291215;-634000;;0;12204.5;12204.5;12204.5;12204.5;12204.5;12204.5;646204.5; 
MEF;20251002;IT0005519787;20291215;-666000;;0;12820.5;12820.5;12820.5;12820.5;12820.5;12820.5;678820.5; 
MEF;20251020;IT0005519787;20291215;-1110000;;0;21367.5;21367.5;21367.5;21367.5;21367.5;21367.5;1131367.5; 
MEF;20251020;IT0005519787;20291215;-412000;;0;7931;7931;7931;7931;7931;7931;419931; 
MEF;20251020;IT0005519787;20291215;-507000;;0;9759.75;9759.75;9759.75;9759.75;9759.75;9759.75;516759.75; 
MEF;20251020;IT0005519787;20291215;-539000;;0;10375.75;10375.75;10375.75;10375.75;10375.75;10375.75;549375.75; 
MEF;20251020;IT0005519787;20291215;-634000;;0;12204.5;12204.5;12204.5;12204.5;12204.5;12204.5;646204.5; 
MEF;20251104;IT0005519787;20291215;-412000;;0;7931;7931;7931;7931;7931;7931;419931; 
MEF;20251104;IT0005519787;20291215;-444000;;0;8547;8547;8547;8547;8547;8547;452547; 
MEF;20251104;IT0005519787;20291215;-507000;;0;9759.75;9759.75;9759.75;9759.75;9759.75;9759.75;516759.75; 
MEF;20251104;IT0005519787;20291215;-825000;;0;15881.25;15881.25;15881.25;15881.25;15881.25;15881.25;840881.25; 
MEF;20251110;IT0005519787;20291215;-349000;;0;6718.25;6718.25;6718.25;6718.25;6718.25;6718.25;355718.25; 
MEF;20251119;IT0005519787;20291215;-444000;;0;8547;8547;8547;8547;8547;8547;452547; 
MEF;20251205;IT0005519787;20291215;-412000;;0;7931;7931;7931;7931;7931;7931;419931; 
MEF;20251223;IT0005519787;20291215;-317000;;0;6102.25;6102.25;6102.25;6102.25;6102.25;6102.25;323102.25; 
MEF;20251223;IT0005519787;20291215;-381000;;0;7334.25;7334.25;7334.25;7334.25;7334.25;7334.25;388334.25; 
MEF;20251224;IT0005519787;20291215;-317000;;0;6102.25;6102.25;6102.25;6102.25;6102.25;6102.25;323102.25; 
MEF;20260105;IT0005519787;20291215;-222000;;0;4273.5;4273.5;4273.5;4273.5;4273.5;4273.5;226273.5; 
MEF;20260108;IT0005519787;20291215;-159000;;0;3060.75;3060.75;3060.75;3060.75;3060.75;3060.75;162060.75; 
MEF;20260115;IT0005519787;20291215;-317000;;0;6102.25;6102.25;6102.25;6102.25;6102.25;6102.25;323102.25; 
MEF;20260126;IT0005519787;20291215;-507000;;0;9759.75;9759.75;9759.75;9759.75;9759.75;9759.75;516759.75; 
MEF;20260127;IT0005519787;20291215;-349000;;0;6718.25;6718.25;6718.25;6718.25;6718.25;6718.25;355718.25; 
MEF;20260206;IT0005519787;20291215;-476000;;0;9163;9163;9163;9163;9163;9163;485163; 
MEF;20260213;IT0005519787;20291215;-349000;;0;6718.25;6718.25;6718.25;6718.25;6718.25;6718.25;355718.25; 
MEF;20260218;IT0005519787;20291215;-507000;;0;9759.75;9759.75;9759.75;9759.75;9759.75;9759.75;516759.75; 
MEF;20260224;IT0005519787;20291215;-412000;;0;7931;7931;7931;7931;7931;7931;419931; 
MEF;20260304;IT0005519787;20291215;-381000;;0;7334.25;7334.25;7334.25;7334.25;7334.25;7334.25;388334.25; 
MEF;20260311;IT0005519787;20291215;-412000;;0;7931;7931;7931;7931;7931;7931;419931; 
MEF;20260313;IT0005519787;20291215;-317000;;0;6102.25;6102.25;6102.25;6102.25;6102.25;6102.25;323102.25; 
MEF;20260324;IT0005519787;20291215;-317000;;0;6102.25;6102.25;6102.25;6102.25;6102.25;6102.25;323102.25; 
MEF;20260330;IT0005519787;20291215;-317000;;0;6102.25;6102.25;6102.25;6102.25;6102.25;6102.25;323102.25; 
MEF;20260414;IT0005519787;20291215;-349000;;0;6718.25;6718.25;6718.25;6718.25;6718.25;6718.25;355718.25; 
MEF;20260420;IT0005519787;20291215;-476000;;0;9163;9163;9163;9163;9163;9163;485163; 
MEF;20260423;IT0005519787;20291215;-381000;;0;7334.25;7334.25;7334.25;7334.25;7334.25;7334.25;388334.25; 
MEF;20260428;IT0005519787;20291215;-412000;;0;7931;7931;7931;7931;7931;7931;419931; 
MEF;20260511;IT0005519787;20291215;-381000;;0;7334.25;7334.25;7334.25;7334.25;7334.25;7334.25;388334.25; 
MEF;20260521;IT0005519787;20291215;-983000;;0;18922.75;18922.75;18922.75;18922.75;18922.75;18922.75;1001922.75; 
MEF;20260525;IT0005519787;20291215;-381000;;0;7334.25;7334.25;7334.25;7334.25;7334.25;7334.25;388334.25; 
MEF;20260529;IT0005519787;20291215;-507000;;0;9759.75;9759.75;9759.75;9759.75;9759.75;9759.75;516759.75; 
MEF;20260605;IT0005519787;20291215;-381000;;0;7334.25;7334.25;7334.25;7334.25;7334.25;7334.25;388334.25; 
MEF;20260616;IT0005519787;20291215;-349000;;0;6718.25;6718.25;6718.25;6718.25;6718.25;6718.25;355718.25; 
MEF;20260617;IT0005519787;20291215;-349000;;0;6718.25;6718.25;6718.25;6718.25;6718.25;6718.25;355718.25; 
MEF;20260625;IT0005519787;20291215;-412000;;0;7931;7931;7931;7931;7931;7931;419931; 
MEF;20260629;IT0005519787;20291215;-412000;;0;7931;7931;7931;7931;7931;7931;419931; 
MEF;20260703;IT0005519787;20291215;-444000;;0;8547;8547;8547;8547;8547;8547;452547; 
MEF;20260709;IT0005519787;20291215;-571000;;0;10991.75;10991.75;10991.75;10991.75;10991.75;10991.75;581991.75; 
MEF;20260716;IT0005519787;20291215;-317000;;0;6102.25;6102.25;6102.25;6102.25;6102.25;6102.25;323102.25; 
MEF;20260724;IT0005519787;20291215;-317000;;0;6102.25;6102.25;6102.25;6102.25;6102.25;6102.25;323102.25; 
MEF;20260804;IT0005519787;20291215;-317000;;0;6102.25;6102.25;6102.25;6102.25;6102.25;6102.25;323102.25; 
MEF;20260813;IT0005519787;20291215;-254000;;0;4889.5;4889.5;4889.5;4889.5;4889.5;4889.5;258889.5; 
