id,entity_service,role,practical_question,required_and_supporting_evidence,status,gap_or_condition
Q001,Milan,CSD operator,"What proves the operator is authorised, and for which services?","[CSD Register](https://www.esma.europa.eu/sites/default/files/2025-10/ESMA74-1194755578-334_CSDR_Register_Art_21_58.xlsx) — Authorised CSDs, relevant entity row; raw decision and extension categories",partial,Register inspected selectively; obtain exact national authorisation/extension decisions. Norway also requires EEA/national applicability verification.
Q002,Milan,CSD operator and participant,Who must provide and offer omnibus versus individual client segregation?,[CSDR: consolidated 17 January 2026](https://eur-lex.europa.eu/legal-content/EN/TXT/?uri=CELEX:02014R0909-20260117) — Article 38(1)–(6),partial,"EU obligation is covered at role level; local account types, contract, costs and insolvency disclosures not fully reviewed. Do not transfer direct EU applicability to Norway without checking."
Q003,Milan,CSD operator,"Who reconciles issue totals, and who manages a participant default?",[CSDR: consolidated 17 January 2026](https://eur-lex.europa.eu/legal-content/EN/TXT/?uri=CELEX:02014R0909-20260117) — Articles 37 and 41,partial,Daily integrity duty and public/tested default procedures are established in EU law; local runbooks and Norwegian legal implementation require review.
Q004,Milan,Participant / cash bank,What is required to join settlement as ICP or DCP?,[Regulations as of 26 January 2026](https://www.euronext.com/sites/default/files/2026-02/01%20REG_UNICO_ENG_WITHOUT%20EV_26012026.pdf) — Articles 60–61 PDF 44–45; Italian original same pages; [Instructions to Settlement Service and related instrumental activities - in force as of 30 June 2025](https://www.euronext.com/sites/default/files/2025-07/03%20Settlement%20Service%20Instructions_30062025_WITHOUT%20EVIDENCE.pdf) — §1.1 PDF 7–8,partial,"Rules establish securities account, DCA/cash agent, suitable connection/tests and DCP requirements; full contracts/forms/production entitlements not checked."
Q005,Milan,Issuer / participant,Can this ISIN settle through Milan as issuer or investor CSD?,[Regulations as of 26 January 2026](https://www.euronext.com/sites/default/files/2026-02/01%20REG_UNICO_ENG_WITHOUT%20EV_26012026.pdf) — Article 65 PDF 48; [ISINs eligible for settlement in Euronext Securities Milan 2026-09-11](https://www.euronext.com/sites/default/files/2026-09/ISINs%20eligible%20for%20settlement%20in%20Euronext%20Securities%20Milan%202026-09-11.xlsx?VersionId=W9q4Cxr4Dog5dqZVMCUwWuDNNnIFGBUR) — Introduction B5:B8; I/K/L columns,access-restricted,"Requires the specific ISIN, currency, link and current MT23/MT-X static data; the European Offering workbook is not a universal eligibility list."
Q006,Milan,Participant,"What does matched establish, and when are assets finally transferred?",[Regulations as of 26 January 2026](https://www.euronext.com/sites/default/files/2026-02/01%20REG_UNICO_ENG_WITHOUT%20EV_26012026.pdf) — Articles 69/72 PDF 50–51; [T2S User Detailed Functional Specifications R2026.JUN (UDFS)](https://www.ecb.europa.eu/paym/target/target-professional-use-documents-links/t2s/sdd/shared/pdf/T2S_UDFS_R2026.JUN_clean_20260122.en.pdf) — §1.6.1.2 PDF 267–271; §1.6.1.8 PDF 303–304,covered,"For reviewed Milan/T2S clauses: matching differs from posting, while SF2 has legal consequences; retain bilateral cancellation exception."
Q007,Milan,Participant,"Can I amend, cancel, hold or release a matched instruction?",[Regulations as of 26 January 2026](https://www.euronext.com/sites/default/files/2026-02/01%20REG_UNICO_ENG_WITHOUT%20EV_26012026.pdf) — Articles 69–71 PDF 50–51,partial,"Conditional cancellation/hold covered; exact maintenance fields, cut-offs, non-modifiable/market/CCP and CoSD restrictions need interface-level context."
Q008,Milan,Participant / cash bank,"How do DvP, FoP and liquidity affect a cross-CSD transfer?","[T2S User Detailed Functional Specifications R2026.JUN (UDFS)](https://www.ecb.europa.eu/paym/target/target-professional-use-documents-links/t2s/sdd/shared/pdf/T2S_UDFS_R2026.JUN_clean_20260122.en.pdf) — §§1.6.1.8/1.6.1.10 PDF 303–304,373–376,385–387",partial,"General T2S resource checks and all-or-none realignment covered; actual account mapping, cash agent and link eligibility must be supplied."
Q009,Milan,Participant,"What happens to a fail, partial settlement and cash penalty?","[T2S User Detailed Functional Specifications R2026.JUN (UDFS)](https://www.ecb.europa.eu/paym/target/target-professional-use-documents-links/t2s/sdd/shared/pdf/T2S_UDFS_R2026.JUN_clean_20260122.en.pdf) — PDF 162,303–304; [Instructions to Settlement Service and related instrumental activities - in force as of 30 June 2025](https://www.euronext.com/sites/default/files/2025-07/03%20Settlement%20Service%20Instructions_30062025_WITHOUT%20EVIDENCE.pdf) — PDF 15",unresolved,"Partial-window conflict; penalty amounts/reporting/appeals require current local rules plus discipline RTS, not a programme SDD."
Q010,Milan,Issuer / participant,"Which income, claim, transformation, buyer-protection and tax actions are required?",[Instructions to Settlement Service and related instrumental activities - in force as of 30 June 2025](https://www.euronext.com/sites/default/files/2025-07/03%20Settlement%20Service%20Instructions_30062025_WITHOUT%20EVIDENCE.pdf) — Selected claim provisions PDF 17–23; [Corporate_Events_Services_User_Guide_20260507_clean.pdf](https://www.euronext.com/sites/default/files/2026-05/Euronext%20Securities%20-%20Corporate%20Events%20Service%20-%20CA4U%20Handbook%20SDD%20-%20V05_0.pdf) — §2.3 PDF 17,partial,"Some claim routing/opt-out conditions reviewed; event type, record date, security market, tax status and local deadlines not comprehensively reviewed."
Q011,Milan,Participant / developer,"Which exact messages, statuses, fields and reports connect my bank, CSD and T2S?","[T2S User Detailed Functional Specifications R2026.JUN (UDFS)](https://www.ecb.europa.eu/paym/target/target-professional-use-documents-links/t2s/sdd/shared/pdf/T2S_UDFS_R2026.JUN_clean_20260122.en.pdf) — PDF 778 message overview; Diagram 55 PDF 269; [Update Standard for XTRM Users for Vorvel, Certificates TLX and IPO markets](https://www.euronext.com/sites/default/files/notices/monte-titoli/MKT_ON%20pubblicazione%20SPU%20v.%201.0_ENG.pdf?VersionId=iyNI_tyfEEJGTrLzby2A1xml68X1iSR_ ) — ON_36/2026 PDF 1",access-restricted,"Native message families/versions are public; complete X-TRM A2A/RNI mapping, current versus November identifiers and entitlements require MT-X. Diagram extraction incomplete."
Q012,Milan,Participant / CSD operator,"Which tests, certificates and incident actions must a DCP complete?",[Regulations as of 26 January 2026](https://www.euronext.com/sites/default/files/2026-02/01%20REG_UNICO_ENG_WITHOUT%20EV_26012026.pdf) — Articles 60–61 PDF 44–45,partial,Certificate/network/BCP duties reviewed; detailed certification scenarios and local emergency procedure not available in reviewed evidence.
Q013,Milan,Participant,At what clock time does the intended settlement business day begin?,"[T2S User Detailed Functional Specifications R2026.JUN (UDFS)](https://www.ecb.europa.eu/paym/target/target-professional-use-documents-links/t2s/sdd/shared/pdf/T2S_UDFS_R2026.JUN_clean_20260122.en.pdf) — PDF 160,163,165,168; [Instructions to Settlement Service and related instrumental activities - in force as of 30 June 2025](https://www.euronext.com/sites/default/files/2025-07/03%20Settlement%20Service%20Instructions_30062025_WITHOUT%20EVIDENCE.pdf) — PDF 13",unresolved,T2S baseline begins no earlier than 18:45 after preceding day completion; local 19:30 NTS statement conflicts with 20:00 platform baseline. Calendar/service notices required.
Q014,Milan,Participant / issuer,Which fee applies to my specified service and charging date?,"[Pricing Policy](https://www.euronext.com/sites/default/files/2026-02/pricing_policy_esmil_11-12-2025_0_0.pdf) — Pricing policy, identity refreshed only",partial,"Fee rows, tiers, minimums, third-party charges and user type unreviewed; no numeric fee answer admitted."
Q015,Milan,CSD operator / financial entity,Which operational-resilience and incident-reporting rules apply?,"[Regulation - 2022/2554 - EN - DORA - EUR-Lex Log in English](https://eur-lex.europa.eu/eli/reg/2022/2554/oj/eng) — Articles 2(1)(g),64; [CSDR: consolidated 17 January 2026](https://eur-lex.europa.eu/legal-content/EN/TXT/?uri=CELEX:02014R0909-20260117) — Article 45 opening",partial,"DORA scope/application checked; full RTS/ITS, national reporting route and participant-specific classification are unreviewed."
Q016,Copenhagen,CSD operator,"What proves the operator is authorised, and for which services?","[CSD Register](https://www.esma.europa.eu/sites/default/files/2025-10/ESMA74-1194755578-334_CSDR_Register_Art_21_58.xlsx) — Authorised CSDs, relevant entity row; raw decision and extension categories",partial,Register inspected selectively; obtain exact national authorisation/extension decisions. Norway also requires EEA/national applicability verification.
Q017,Copenhagen,CSD operator and participant,Who must provide and offer omnibus versus individual client segregation?,[CSDR: consolidated 17 January 2026](https://eur-lex.europa.eu/legal-content/EN/TXT/?uri=CELEX:02014R0909-20260117) — Article 38(1)–(6),partial,"EU obligation is covered at role level; local account types, contract, costs and insolvency disclosures not fully reviewed. Do not transfer direct EU applicability to Norway without checking."
Q018,Copenhagen,CSD operator,"Who reconciles issue totals, and who manages a participant default?",[CSDR: consolidated 17 January 2026](https://eur-lex.europa.eu/legal-content/EN/TXT/?uri=CELEX:02014R0909-20260117) — Articles 37 and 41,partial,Daily integrity duty and public/tested default procedures are established in EU law; local runbooks and Norwegian legal implementation require review.
Q019,Copenhagen,Participant,"What are the admission, staff and CSD-link testing conditions?",[Part 2 - General Terms and Conditions (PDF)](https://www.euronext.com/sites/default/files/2026-08/es_cph_rule_book_part_2_General_Terms_and_Conditions.pdf) — Part 2 §§2.1–2.3 and 3.1.1 PDF 2–4,partial,"Selected requirements reviewed; contracts, annexes and role-specific application pack remain."
Q020,Copenhagen,Issuer / participant,"Which book-entry account, issue and link can be used for this security?","[Part 3 - Book-entry Rules (PDF)](https://www.euronext.com/sites/default/files/2026-08/es_cph_rule_book_part_%203_Book-entry%20Rules.pdf) — Part 3, not substantively reviewed",partial,Current-linked source exists; exact account/issue clauses and security-level link register not reviewed.
Q021,Copenhagen,Participant,"Does settlement go through VP, T2S or FundHub?",[Part 4 - Settlement Rules (PDF)](https://www.euronext.com/sites/default/files/2025-05/es-cph_rule_book_part_4_settlement_rules.pdf) — Part 4 §2.3 PDF 4,covered,"Bounded routing conditions: instrument/service, currency and participants/cash agents matter. Cannot infer actual trade route without inputs."
Q022,Copenhagen,Participant,"How do matching, amendment, cancellation and hold work on my route?",[T2S User Detailed Functional Specifications R2026.JUN (UDFS)](https://www.ecb.europa.eu/paym/target/target-professional-use-documents-links/t2s/sdd/shared/pdf/T2S_UDFS_R2026.JUN_clean_20260122.en.pdf) — §1.6.1.2 PDF 267–271; [Part 4 - Settlement Rules (PDF)](https://www.euronext.com/sites/default/files/2025-05/es-cph_rule_book_part_4_settlement_rules.pdf) — Part 4 §2.3 PDF 4,partial,"T2S mechanism only for T2S route; local procedures, permissions and non-T2S lifecycle not fully reviewed."
Q023,Copenhagen,Participant / cash bank,Which currency and central-bank availability conditions apply to DvP/FoP?,[Part 4 - Settlement Rules (PDF)](https://www.euronext.com/sites/default/files/2025-05/es-cph_rule_book_part_4_settlement_rules.pdf) — §§2.2.4–2.3 PDF 3–4,partial,"Route/calendar conditions checked; DCA contracts, liquidity limits and cash-agent configuration remain."
Q024,Copenhagen,Participant,"How are penalties reported, challenged and settled?",[Part 4 - Settlement Rules (PDF)](https://www.euronext.com/sites/default/files/2025-05/es-cph_rule_book_part_4_settlement_rules.pdf) — §2.4 PDF 5–6,partial,"Appeal/reporting business-day anchors reviewed; rates, exceptions, calendars and statements require scoped supporting material. Buy-in reference is not proof activation."
Q025,Copenhagen,Issuer / participant,"What are the income, claim, transformation, buyer-protection and tax deadlines?",[Corporate_Events_Services_User_Guide_20260507_clean.pdf](https://www.euronext.com/sites/default/files/2026-05/Euronext%20Securities%20-%20Corporate%20Events%20Service%20-%20CA4U%20Handbook%20SDD%20-%20V05_0.pdf) — §§2.2–2.3 PDF 16–17,partial,Cross-service role scope known; no complete local event/tax deadline validation.
Q026,Copenhagen,DCP / developer,"Does an ECB certificate suffice, and which production schemas/reports are required?",[Part 5 - DCP Service Rules (PDF)](https://www.euronext.com/sites/default/files/2023-08/Rule%20Book%20Part%205%20T2S%20DCP%20Service%20Rules.pdf) — Part 5 §§2–3 PDF 2–3,partial,Certificate alone does not establish local service entitlements; named User Guidelines and complete release/interface schemas still needed. Access restriction not independently tested.
Q027,Copenhagen,DCP / CSD operator,Which local tests and continuity arrangements are required?,[Part 2 - General Terms and Conditions (PDF)](https://www.euronext.com/sites/default/files/2026-08/es_cph_rule_book_part_2_General_Terms_and_Conditions.pdf) — §2.2.3 PDF 3; [Part 5 - DCP Service Rules (PDF)](https://www.euronext.com/sites/default/files/2023-08/Rule%20Book%20Part%205%20T2S%20DCP%20Service%20Rules.pdf) — §2 PDF 2,partial,High-level test obligations found; detailed accepted test cases and incident playbooks not reviewed.
Q028,Copenhagen,Participant,Are VP and T2S business-day boundaries identical?,[Part 4 - Settlement Rules (PDF)](https://www.euronext.com/sites/default/files/2025-05/es-cph_rule_book_part_4_settlement_rules.pdf) — §2.2 PDF 3,covered,They differ in the reviewed rule: VP day 18:00 and T2S day 18:45; actual service/currency calendar still needed.
Q029,Copenhagen,Participant / issuer,Which fee book applies in September and November 2026?,[Euronext Securities Copenhagen - Table of fees per January 2026](https://www.euronext.com/sites/default/files/2025-12/ES-CPH_table_of_fees_jan_2026_update.pdf) — Cover/revision PDF 1–2; [Euronext Securities Copenhagen - Table of fees per November 2026](https://www.euronext.com/sites/default/files/2026-08/CPH%20Table%20of%20fees_Nov%202026.pdf) — Cover/revision PDF 1–2,covered,"January edition for September candidate; November edition future until November. Covers establish period, not a numeric price."
Q030,Copenhagen,CSD operator,Which resilience law and national supervisor apply?,"[Regulation - 2022/2554 - EN - DORA - EUR-Lex Log in English](https://eur-lex.europa.eu/eli/reg/2022/2554/oj/eng) — Articles 2,64; [CSDR](https://www.finanstilsynet.dk/lovgivning/eu-lovsamling/csdr) — Danish Finanstilsynet CSDR hub",partial,Authority and EU baseline checked; full national implementation/reporting decisions not reviewed.
Q031,Porto,CSD operator,"What proves the operator is authorised, and for which services?","[CSD Register](https://www.esma.europa.eu/sites/default/files/2025-10/ESMA74-1194755578-334_CSDR_Register_Art_21_58.xlsx) — Authorised CSDs, relevant entity row; raw decision and extension categories",partial,Register inspected selectively; obtain exact national authorisation/extension decisions. Norway also requires EEA/national applicability verification.
Q032,Porto,CSD operator and participant,Who must provide and offer omnibus versus individual client segregation?,[CSDR: consolidated 17 January 2026](https://eur-lex.europa.eu/legal-content/EN/TXT/?uri=CELEX:02014R0909-20260117) — Article 38(1)–(6),partial,"EU obligation is covered at role level; local account types, contract, costs and insolvency disclosures not fully reviewed. Do not transfer direct EU applicability to Norway without checking."
Q033,Porto,CSD operator,"Who reconciles issue totals, and who manages a participant default?",[CSDR: consolidated 17 January 2026](https://eur-lex.europa.eu/legal-content/EN/TXT/?uri=CELEX:02014R0909-20260117) — Articles 37 and 41,partial,Daily integrity duty and public/tested default procedures are established in EU law; local runbooks and Norwegian legal implementation require review.
Q034,Porto,Participant,"What financial information, contract and DCP setup are required?",[Operational Manual of INTERBOLSA](https://www.euronext.com/sites/default/files/2026-04/20260216_Manual%20Operativo_V43_EN.pdf) — Chapter 1 PDF 16–18; [INTERBOLSA Regulation 1/2016](https://www.euronext.com/sites/default/files/2023-07/regulamentoib.2016.01.consolidado.en_.pdf) — Articles 2–3 PDF 2,partial,Three years of financial reports and INTERBOLSA contract checked; complete admission pack and exceptions require full clauses.
Q035,Porto,Issuer / participant,"Which issuance, registration, custody and investor-CSD link rules apply?",[INTERBOLSA Regulation 2/2016](https://www.euronext.com/sites/default/files/2024-01/INTERBOLSA%20REGULATION%202_2016_0.pdf) — Regulation 2/2016 cover/contents; [Euronext Securities Porto CSD Links](https://www.euronext.com/sites/default/files/2024-08/euronext_securities_porto_csd_links_march_2023.pdf) — CSD Links candidate; unresolved metadata,partial,Operative issue/link provisions and security eligibility not substantively reviewed.
Q036,Porto,Participant,How do I reconcile accounts and obtain end-of-day reports?,"[Operational Manual of INTERBOLSA](https://www.euronext.com/sites/default/files/2026-04/20260216_Manual%20Operativo_V43_EN.pdf) — §7.1 PDF 66, printed 65",covered,Daily reconciliation and report families checked; subscription and exact schemas must be confirmed for the access model.
Q037,Porto,Participant,"What are validation, matching, hold, amendment and cancellation rules?","[T2S User Detailed Functional Specifications R2026.JUN (UDFS)](https://www.ecb.europa.eu/paym/target/target-professional-use-documents-links/t2s/sdd/shared/pdf/T2S_UDFS_R2026.JUN_clean_20260122.en.pdf) — §1.6.1.2 PDF 267–271; [Operational Manual of INTERBOLSA](https://www.euronext.com/sites/default/files/2026-04/20260216_Manual%20Operativo_V43_EN.pdf) — V43 local manual, other lifecycle sections unreviewed",partial,Shared T2S concepts available; local submission rules and finality clauses not audited.
Q038,Porto,Participant / cash bank,"Which DCA, DvP/FoP and cross-CSD accounts are used?",[Operational Manual of INTERBOLSA](https://www.euronext.com/sites/default/files/2026-04/20260216_Manual%20Operativo_V43_EN.pdf) — Chapter 1 PDF 17–18; [T2S User Detailed Functional Specifications R2026.JUN (UDFS)](https://www.ecb.europa.eu/paym/target/target-professional-use-documents-links/t2s/sdd/shared/pdf/T2S_UDFS_R2026.JUN_clean_20260122.en.pdf) — §1.6.1.10 PDF 373–376,partial,Access-role distinction and platform realignment known; actual account/link/cash-bank configuration absent.
Q039,Porto,Participant,"What are partial windows, penalties and default procedures?","[
              Working Days & Operating Hours
            ](https://www.euronext.com/en/post-trade/euronext-securities/porto/about-us/working-days-operating-hours) — Operating-hour table; [CSDR: consolidated 17 January 2026](https://eur-lex.europa.eu/legal-content/EN/TXT/?uri=CELEX:02014R0909-20260117) — Article 41",partial,"Current webpage gives five windows; binding notice 0394/2024, penalties and local default runbook still needed."
Q040,Porto,Issuer / participant,"Which corporate-action, income, market-claim, transformation, buyer-protection and tax rules apply?",[INTERBOLSA Circular 1/2026](https://www.euronext.com/sites/default/files/2026-01/Interbolsa%201_2026_%20Corporate%20Events.pdf) — Circular 1/2026 PDF 1–2,partial,Scope/definitions only reviewed; Portuguese governing language and event-specific articles/tax procedures needed.
Q041,Porto,Developer / participant,"Which file layouts, ISO messages and status reports are valid for my access?","[Layouts of the files/messages available to Financial Intermediaries](https://www.euronext.com/sites/default/files/2026-04/20260408_STD%20Layouts%20of%20the%20files%20messages%20available%20to%20Financial%20Intermediaries_v58.pdf) — File/message layouts, identity checked; [Layouts ISO 15022 Messages Specifications](https://www.euronext.com/sites/default/files/2026-01/20260126_ISO%2015022%20Messages_EN_v9.pdf) — ISO 15022 layouts, identity checked; [Operational Manual of INTERBOLSA](https://www.euronext.com/sites/default/files/2026-04/20260216_Manual%20Operativo_V43_EN.pdf) — §7.1 PDF 66",partial,Public specifications already archived; substantive field/version review is required before assuming private access is needed.
Q042,Porto,DCP,"Does DCP change the legal participant relationship, and what must be tested?",[INTERBOLSA Regulation 1/2016](https://www.euronext.com/sites/default/files/2023-07/regulamentoib.2016.01.consolidado.en_.pdf) — Article 2(4) PDF 2; [Operational Manual of INTERBOLSA](https://www.euronext.com/sites/default/files/2026-04/20260216_Manual%20Operativo_V43_EN.pdf) — PDF 17–18,partial,Direct technical connectivity does not replace the INTERBOLSA relationship; test/certification pack not fully reviewed.
Q043,Porto,Participant,"Can FoP settle on 1 May 2026, and what are the normal hours?","[
              Working Days & Operating Hours
            ](https://www.euronext.com/en/post-trade/euronext-securities/porto/about-us/working-days-operating-hours) — 2026 calendar and operating-hour table; notices 25/1162 and 0394/2024",partial,Webpage explicitly allows May 1 FoP and gives 20:00 NTS; obtain referenced notices before asserting full binding schedule.
Q044,Porto,Participant / issuer,What do I pay for this settlement or issuer event?,[Fee Books - Financial Intermediaries - Price list in force from 1 January 2026](https://www.euronext.com/sites/default/files/2026-01/Fee%20-%20Book%20January%202026%20-%20FI%20.pdf) — Financial intermediaries fee book; [Fee Books - Issuers - Price list in force from 1 January 2026](https://www.euronext.com/sites/default/files/2026-02/Fee%20-%20Book%20January%202026%20-IE%20_.pdf) — Issuer fee book,partial,Both identities refreshed; exact fee rows/conditions not audited.
Q045,Porto,CSD operator,Which CMVM information and publication requirements were amended in 2025?,"[cd837a71029f](https://diariodarepublica.pt/dr/detalhe/regulamento-cmvm/4-2025-925084526) — CMVM Regulation 4/2025 Articles 1–2 and 7; [Regulation - 2022/2554 - EN - DORA - EUR-Lex Log in English](https://eur-lex.europa.eu/eli/reg/2022/2554/oj/eng) — Articles 2,64",partial,National amendment found beyond the selected library; full consolidated legal chain and machine-readable capture still needed.
Q046,Oslo,CSD operator,"What proves the operator is authorised, and for which services?","[CSD Register](https://www.esma.europa.eu/sites/default/files/2025-10/ESMA74-1194755578-334_CSDR_Register_Art_21_58.xlsx) — Authorised CSDs, relevant entity row; raw decision and extension categories",partial,Register inspected selectively; obtain exact national authorisation/extension decisions. Norway also requires EEA/national applicability verification.
Q047,Oslo,CSD operator and participant,Who must provide and offer omnibus versus individual client segregation?,[CSDR: consolidated 17 January 2026](https://eur-lex.europa.eu/legal-content/EN/TXT/?uri=CELEX:02014R0909-20260117) — Article 38(1)–(6); Norwegian implementation not checked,partial,"EU obligation is covered at role level; local account types, contract, costs and insolvency disclosures not fully reviewed. Do not transfer direct EU applicability to Norway without checking."
Q048,Oslo,CSD operator,"Who reconciles issue totals, and who manages a participant default?",[CSDR: consolidated 17 January 2026](https://eur-lex.europa.eu/legal-content/EN/TXT/?uri=CELEX:02014R0909-20260117) — Articles 37 and 41,partial,Daily integrity duty and public/tested default procedures are established in EU law; local runbooks and Norwegian legal implementation require review.
Q049,Oslo,Participant / account operator,What obligations apply to a registration account operator?,[ES-OSL Registration rules in force 4 February 2025 .pdf](https://www.euronext.com/sites/default/files/2025-01/2025-01-13%20-%20ES-OSL%20Registration%20Rules%20-%20back-up%20account%20operator%20-%20final.pdf) — Registration rules PDF 14,partial,Selected responsibilities checked; admission pack and account-operator service variants remain.
Q050,Oslo,Issuer / account operator,"Which issuer, nominee and investor accounts and links can be used?","[ES-OSL Registration rules in force 4 February 2025 .pdf](https://www.euronext.com/sites/default/files/2025-01/2025-01-13%20-%20ES-OSL%20Registration%20Rules%20-%20back-up%20account%20operator%20-%20final.pdf) — PDF 14, selected account-operator duties",partial,Holdings/nominee roles sampled; issuance/link eligibility and entire custody chain not reviewed.
Q051,Oslo,Account operator / holder,What happens if my account operator abruptly ceases operations?,[ES-OSL Registration rules in force 4 February 2025 .pdf](https://www.euronext.com/sites/default/files/2025-01/2025-01-13%20-%20ES-OSL%20Registration%20Rules%20-%20back-up%20account%20operator%20-%20final.pdf) — §2.1.4.2 PDF 19,covered,VPS back-up handling/blocking and specified exceptions are described; do not infer unrestricted holder transactions.
Q052,Oslo,VPO NOK participant,"Can I rely on these matching, cancellation and finality rules as unconditionally approved?",[ES-OSL VPS NOK Rules.pdf](https://www.euronext.com/sites/default/files/2024-09/240902_es-osl_vpo_nok_rules.pdf) — Cover; [822d46bb9149](https://www.euronext.com/sites/default/files/2024-09/240902_es-osl_vpo_nok_regelverket.pdf) — Norwegian cover,unresolved,Exact 2 September 2024 edition approval missing; do not import T2S lifecycle as current VPO NOK law.
Q053,Oslo,Liquidity / settlement bank,Must the primary and substitute liquidity banks provide the same cash?,[ES-OSL VPS NOK Rules.pdf](https://www.euronext.com/sites/default/files/2024-09/240902_es-osl_vpo_nok_rules.pdf) — §§8–11 PDF 16–19,unresolved,Text distinguishes primary obligation and optional substitute funding; legal status remains qualified by unresolved approval.
Q054,Oslo,Participant,"Which partial-settlement, fail and penalty rules apply in VPO NOK?",[ES-OSL VPS NOK Rules.pdf](https://www.euronext.com/sites/default/files/2024-09/240902_es-osl_vpo_nok_rules.pdf) — VPO NOK rules; relevant lifecycle not reviewed,unresolved,Edition qualification and unreviewed local clauses; no T2S-window substitution.
Q055,Oslo,Issuer / participant,"Which income, claim, transformation, buyer-protection and tax steps are required?","[Corporate_Events_Services_User_Guide_20260507_clean.pdf](https://www.euronext.com/sites/default/files/2026-05/Euronext%20Securities%20-%20Corporate%20Events%20Service%20-%20CA4U%20Handbook%20SDD%20-%20V05_0.pdf) — §2.3 PDF 17 includes Oslo, service-specific roles",partial,Group guide supplies role context only; local tax/issuer contracts and event deadline rules still required.
Q056,Oslo,Developer / account operator,"What exact MyVPS messages, status codes and reports should production use?",[ES-OSL Registration rules in force 4 February 2025 .pdf](https://www.euronext.com/sites/default/files/2025-01/2025-01-13%20-%20ES-OSL%20Registration%20Rules%20-%20back-up%20account%20operator%20-%20final.pdf) — Registration rules and references to user documentation,partial,MyVPS/user documentation version and authorisation route not independently inspected; do not invent protocol fields.
Q057,Oslo,Participant / bank,"What technical, security and continuity procedures must be tested?",[ES-OSL VPS NOK Rules.pdf](https://www.euronext.com/sites/default/files/2024-09/240902_es-osl_vpo_nok_rules.pdf) — §11 PDF 19; [ES-OSL Registration rules in force 4 February 2025 .pdf](https://www.euronext.com/sites/default/files/2025-01/2025-01-13%20-%20ES-OSL%20Registration%20Rules%20-%20back-up%20account%20operator%20-%20final.pdf) — §2.1.4.2 PDF 19,partial,Limited obligations seen; current user/test/default manuals and approval chain missing.
Q058,Oslo,Participant,"What are current VPO NOK settlement cycles, calendars and cut-offs?","[ES-OSL VPS NOK Rules.pdf](https://www.euronext.com/sites/default/files/2024-09/240902_es-osl_vpo_nok_rules.pdf) — VPO NOK rules, approval-qualified edition",unresolved,Current local operating calendar/cycle schedule not independently validated; T2S native timings do not answer this question.
Q059,Oslo,Participant / issuer,Which Oslo fee applies on the requested date?,"[Euronext Securities Oslo Fee Schedule - January 2026](https://www.euronext.com/sites/default/files/2026-09/ES-OSL-Fee-Schedule-January-2026.pdf) — January 2026 fee schedule, identity checked",partial,"Specific fee rows, role and service conditions not reviewed."
Q060,Oslo,CSD operator,Which national resilience and settlement-system approval requirements apply?,"[
				Infrastrukturforetak
			](https://www.finanstilsynet.no/tilsyn/infrastrukturforetak/) — Infrastructure supervision page",partial,"System approval evidence exists; edition approval, EEA incorporation and Norwegian DORA application require exact legal sources."
Q061,Athens,CSD operator,"What proves the operator is authorised, and for which services?","[CSD Register](https://www.esma.europa.eu/sites/default/files/2025-10/ESMA74-1194755578-334_CSDR_Register_Art_21_58.xlsx) — Authorised CSDs, relevant entity row; raw decision and extension categories",partial,Register inspected selectively; obtain exact national authorisation/extension decisions. Norway also requires EEA/national applicability verification.
Q062,Athens,CSD operator and participant,Who must provide and offer omnibus versus individual client segregation?,[CSDR: consolidated 17 January 2026](https://eur-lex.europa.eu/legal-content/EN/TXT/?uri=CELEX:02014R0909-20260117) — Article 38(1)–(6),partial,"EU obligation is covered at role level; local account types, contract, costs and insolvency disclosures not fully reviewed. Do not transfer direct EU applicability to Norway without checking."
Q063,Athens,CSD operator,"Who reconciles issue totals, and who manages a participant default?",[CSDR: consolidated 17 January 2026](https://eur-lex.europa.eu/legal-content/EN/TXT/?uri=CELEX:02014R0909-20260117) — Articles 37 and 41,partial,Daily integrity duty and public/tested default procedures are established in EU law; local runbooks and Norwegian legal implementation require review.
Q064,Athens,Participant,What financial history and staff certification are needed for admission?,[ATHEXCSD Resolution 1](https://athens.euronext.com/sites/default/files/2025-04/RESOLUTION_Nr1_ATHEXCSD_31032025_as_of_02042025.pdf) — Resolution 1 §1.1.1.2(5) PDF 4; [ATHEXCSD Resolution 2](https://athens.euronext.com/sites/default/files/2026-07/RESOLUTION_Nr_2_ATHEXCSD_30062026_FORCE_20072026.pdf) — Resolution 2 §§1–2.1 PDF 2,partial,"Selected two-year/new-entity and CSA requirements checked with exemptions; contracts, complete admission categories and effective-date chain remain."
Q065,Athens,Issuer / participant,"Which DSS accounts, issuer/investor services and securities are eligible?","[ATHEXCSD Rulebook - Amendment 8](https://athens.euronext.com/sites/default/files/2026-06/ATHEXCSD_RULEBOOK_7th_Ammendment_383_24.11.2025_FORCE_8.12.2025.pdf) — Master rulebook, operative account/issue sections not reviewed",partial,"Master edition label mostly reconciled; specific accounts, segregation disclosures and link/security list need review."
Q066,Athens,CSD operator / participant,Is Amendment 8 a distinct conflicting master rulebook?,[ATHEXCSD Rulebook - Amendment 8](https://athens.euronext.com/sites/default/files/2026-06/ATHEXCSD_RULEBOOK_7th_Ammendment_383_24.11.2025_FORCE_8.12.2025.pdf) — PDF 2/217; [athens-greek-master](https://athens.euronext.com/sites/default/files/2026-06/%CE%9A%CE%91%CE%9D%CE%9F%CE%9D%CE%99%CE%A3%CE%9C%CE%9F%CE%A3_%CE%9B%CE%95%CE%99%CE%A4%CE%9F%CE%A5%CE%A1%CE%93%CE%99%CE%91%CE%A3_%CE%95%CE%9B%CE%9A%CE%91%CE%A4_7%CE%B7_%CE%A4%CF%81%CE%BF%CF%80%CE%BF%CF%80%CE%BF%CE%AF%CE%B7%CF%83%CE%B7_383_24.11.2025_%CE%99%CE%A3%CE%A7%CE%A5%CE%A3_8.12.2025.pdf) — PDF 2/206,covered,No distinct conflicting operative text established in sampled history; Edition 8 versus seven amendments is a labelled inference. Independent HCMC approval verification still missing.
Q067,Athens,Participant,"What are DSS validation, matching, hold, cancellation and finality rules?",[ATHEXCSD Resolution 21](https://athens.euronext.com/sites/default/files/2025-01/RESOLUTION%20Nr%2021%20-%20Participant%20Default%20%2030092024%20FORCE%2012042021.pdf) — Resolution 21 Articles 1–2 PDF 2; [ATHEXCSD Resolution 5](https://athens.euronext.com/sites/default/files/2025-12/RESOLUTION_Nr5-ATHEXCSD_383_24.11.2025_FORCE%208.12.2025.DOC.pdf) — Resolution 5 §2.2 PDF 4–5,partial,Instruction types and technical-announcement dependency checked; full lifecycle/finality and production statuses not reviewed.
Q068,Athens,Participant / settlement bank,Are EUR and non-EUR cash-settlement arrangements identical?,[ATHEXCSD Resolution 5](https://athens.euronext.com/sites/default/files/2025-12/RESOLUTION_Nr5-ATHEXCSD_383_24.11.2025_FORCE%208.12.2025.DOC.pdf) — Resolution 5 §§1.1–1.2 PDF 3–4,covered,No: sampled rule differentiates TARGET-GR EUR arrangements and non-EUR settlement-bank arrangements; confirm currency/service and current bank setup.
Q069,Athens,Participant,"Which fail, partial, penalty and default procedures apply?","[CSDR: consolidated 17 January 2026](https://eur-lex.europa.eu/legal-content/EN/TXT/?uri=CELEX:02014R0909-20260117) — Article 41; [ATHEXCSD Resolution 5](https://athens.euronext.com/sites/default/files/2025-12/RESOLUTION_Nr5-ATHEXCSD_383_24.11.2025_FORCE%208.12.2025.DOC.pdf) — Resolution 5, technical procedures",partial,EU baseline and local source candidates exist; exact DSS partial/penalty/default procedures not fully reviewed.
Q070,Athens,Issuer / participant,"Which registry actions, claims, transformations, buyer protection and tax deadlines apply?","[ATHEXCSD Resolution 8](https://athens.euronext.com/sites/default/files/2026-07/RESOLUTION_8_ATHEXCSD-CORPORATE_ACTIONS_392_%2010.07.2026_FORCE_14.07.2026.pdf) — Resolution 8, current identity only",partial,Local resolution exists but operative passages unreviewed. Four-CSD group guide does not establish Athens applicability.
Q071,Athens,Developer / participant,"What DSS schema, statuses, reports and file format should I send?",[ATHEXCSD Resolution 5](https://athens.euronext.com/sites/default/files/2025-12/RESOLUTION_Nr5-ATHEXCSD_383_24.11.2025_FORCE%208.12.2025.DOC.pdf) — §2.2 PDF 4–5,partial,ATHEXCSD technical announcements referenced; exact production schema/release and access conditions not independently obtained.
Q072,Athens,Participant,Which certification tests and continuity procedures are required?,[ATHEXCSD Resolution 2](https://athens.euronext.com/sites/default/files/2026-07/RESOLUTION_Nr_2_ATHEXCSD_30062026_FORCE_20072026.pdf) — Resolution 2 §§1–2.1 PDF 2,partial,Staff certification is not interface certification; exact technical test pack and continuity procedure still needed.
Q073,Athens,Participant,"Which business day, cycles and cut-offs apply to DSS today?",[ATHEXCSD Resolution 5](https://athens.euronext.com/sites/default/files/2025-12/RESOLUTION_Nr5-ATHEXCSD_383_24.11.2025_FORCE%208.12.2025.DOC.pdf) — §2.2 PDF 4–5,partial,Requires latest announced DSS technical cycles and local calendar. Do not assume future Convergence/T2S mechanics apply today.
Q074,Athens,Participant / issuer,Which participant or issuer fee applies?,[ATHEXCSD Resolution 18](https://athens.euronext.com/sites/default/files/2026-06/RESOLUTION_18_ES-ATH_FEE_SCHEDULE_390_08062026_FORCE_15062026.pdf) — Resolution 18; [ATHEXCSD Resolution 19](https://athens.euronext.com/sites/default/files/2026-01/RESOLUTION_19_RULEBOOK_AMENDMENT_COMMITTEE_ATHEXCSD_384_20.01.2026_FORCE_28.01.2026.pdf) — Resolution 19,partial,Fee source identities checked; current effective conditions and exact charges not audited.
Q075,Athens,CSD operator,What does the master approval history prove and which resilience law applies?,"[athens-greek-master](https://athens.euronext.com/sites/default/files/2026-06/%CE%9A%CE%91%CE%9D%CE%9F%CE%9D%CE%99%CE%A3%CE%9C%CE%9F%CE%A3_%CE%9B%CE%95%CE%99%CE%A4%CE%9F%CE%A5%CE%A1%CE%93%CE%99%CE%91%CE%A3_%CE%95%CE%9B%CE%9A%CE%91%CE%A4_7%CE%B7_%CE%A4%CF%81%CE%BF%CF%80%CE%BF%CF%80%CE%BF%CE%AF%CE%B7%CF%83%CE%B7_383_24.11.2025_%CE%99%CE%A3%CE%A7%CE%A5%CE%A3_8.12.2025.pdf) — PDF 2/206; [Regulation - 2022/2554 - EN - DORA - EUR-Lex Log in English](https://eur-lex.europa.eu/eli/reg/2022/2554/oj/eng) — Articles 2,64",partial,Document records approval/history; independent HCMC source unavailable. DORA scope does not substitute for local default/incident procedures.
Q076,EU trading venues / participants,Participant,Does CSDR require every securities transaction to be T+2 today?,[CSDR: consolidated 17 January 2026](https://eur-lex.europa.eu/legal-content/EN/TXT/?uri=CELEX:02014R0909-20260117) — Article 5(1)–(2),covered,"T+2 is a ceiling for covered venue transactions with specified exceptions, not a universal mandatory tenor."
Q077,EU future settlement cycle,Participant,When does the enacted T+1 requirement start to apply?,[T+1 amendment 2025/2075](https://eur-lex.europa.eu/legal-content/EN/TXT/?uri=CELEX:32025R2075) — Articles 1–2,covered,11 October 2027; distinguish enactment and application. Not current on 13 September 2026.
Q078,T2S native infrastructure,CSD / DCP,Can matching and automatic realignment generation occur before ISD?,"[T2S User Detailed Functional Specifications R2026.JUN (UDFS)](https://www.ecb.europa.eu/paym/target/target-professional-use-documents-links/t2s/sdd/shared/pdf/T2S_UDFS_R2026.JUN_clean_20260122.en.pdf) — §§1.6.1.2,1.6.1.8,1.6.1.10; PDF 267,303,373–375",covered,"Yes under validation/configuration conditions; posting remains subject to eligibility, ISD and resources."
Q079,Two T2S CSDs,CSD / participant / cash bank,Which accounts and message directions are used for one issuer-to-investor DvP?,"[T2S User Detailed Functional Specifications R2026.JUN (UDFS)](https://www.ecb.europa.eu/paym/target/target-professional-use-documents-links/t2s/sdd/shared/pdf/T2S_UDFS_R2026.JUN_clean_20260122.en.pdf) — PDF 373–376,385–387,753,778",partial,Illustration possible with explicit assumptions. Exact configured chain and local interfaces not known.
Q080,Two securities legs,Participant,Does the 100-share-for-EUR1000 example prove atomic securities-for-securities exchange?,[T2S User Detailed Functional Specifications R2026.JUN (UDFS)](https://www.ecb.europa.eu/paym/target/target-professional-use-documents-links/t2s/sdd/shared/pdf/T2S_UDFS_R2026.JUN_clean_20260122.en.pdf) — §1.6.1.8 all-or-none conditions and §1.6.1.10 realignment,missing,No reviewed evidence for the requested two-security product/linking/legal arrangement. Ask for transaction design; abstain on atomicity.
Q081,T2S dated operations,Participant,Was the EUR DvP cut-off 16:00 on 8 September 2026?,[t2s-2026-status-events](https://www.ecb.europa.eu/paym/target/html/t2s_history_2026_include.en.html) — 8 September 15:30 notice,covered,No: notice postponed to 17:00; later incident updates must be consulted for actual end-of-day outcomes.
Q082,T2S November 2026 release,Developer,May I use the latest November draft in production today?,[T2S Draft Scope Defining Documents for R2026.NOV - Market Review](https://www.ecb.europa.eu/paym/target/target-professional-use-documents-links/t2s/sdd/shared/pdf/CoverNote_Draft_Delivery_T2S_UDFS_R2026.NOV_UHB_R2026.NOV.en.pdf) — Draft cover note PDF 1–2; [Cover note](https://www.ecb.europa.eu/pub/pdf/annex/CoverNote_Final_Delivery_T2S_UDFS_R2026.JUN_UHB_R2026.JUN.en.pdf) — June final note,covered,"No automatic promotion. Final November publication/deployment unverified, June deployed evidence found."
Q083,European Offering / Convergence,Participant,Does a group future programme define today’s local settlement procedure?,"[
              Confirmation of the go-live of Euronext’s new settlement model in September 2026 
            ](https://www.euronext.com/en/news/confirmation-go-live-euronexts-new-settlement-model-september-2026) — Announcement scope/date; [
              Euronext Securities CSD Convergence Programme
            ](https://www.euronext.com/en/csd/strategic-projects/convergence-programme) — Convergence programme hub",covered,"Only directly stated programme facts; no current procedural authority. Identify service, CSD and target date."
